Index,Imię,Nazwisko,Nazwa Użytkownika,Email,Numer telefonu,Zawód
1,Marcel,Browarczyk,gabriel32,engelkarina@example.com,602 157 730,Wydawca
2,Jacek,Fiedoruk,cyprian66,slyszjozef@example.com,+48 507 269 197,Ergonomista
3,Ignacy,Kawala,sandragzyl,rozaliadumin@example.net,+48 692 445 236,Kuk
4,Piotr,Kiedrowicz,muratmieszko,dagmara97@example.org,738 595 788,Agronom
5,Andrzej,Jessa,lawniczekemil,tymonpryk@example.org,+48 796 293 121,Naukowiec
6,Mariusz,Wojsa,krystianladniak,bobrowiczleon@example.com,783 910 497,Inscenizator
7,Oliwier,Widuch,albert41,kurbielmarianna@example.org,+48 533 244 685,Kosmonauta
8,Ksawery,Kurzac,kajetan21,kryszkiewiczoliwier@example.org,+48 534 804 263,Tłumacz literacki
9,Julita,Oczkowicz,jerzygaluba,morawiakanita@example.com,792 399 447,Szczurołap
10,Aurelia,Ciuruś,dluczka,yostafin@example.net,506 770 203,Kurier
11,Maurycy,Podpora,xkolanek,czubaszekmarika@example.com,537 465 188,Poganiacz
12,Antoni,Stawowczyk,mbasa,jedrzej33@example.com,605 490 013,Szczurołap
13,Jakub,Maciuk,tobiaszwizner,marcelina01@example.org,+48 537 635 910,Tłumacz literacki
14,Nicole,Janka,mmikoda,pietrasignacy@example.org,+48 782 940 987,Biegły rewident
15,Kornelia,Golon,damianglowienka,gortatolga@example.com,+48 720 601 248,Teksturator
16,Jędrzej,Bździuch,tola71,pryszcztymon@example.com,605 513 369,Babcia klozetowa
17,Norbert,Drobik,herokdawid,rafaldej@example.net,+48 723 406 919,Sprzedawca
18,Anna Maria,Ruman,tolaslomian,bholubowicz@example.com,32 914 80 64,Syndyk
19,Grzegorz,Waloch,tadeusz37,tytkoelzbieta@example.com,510 200 613,Redaktor techniczny
20,Kaja,Obuchowicz,czernerfranciszek,dubelmariusz@example.com,726 507 073,Leśniczy
21,Wiktor,Galik,tomaszmaksym,adamhinca@example.net,+48 504 765 721,Sprzątacz
22,Alan,Basa,palenjuliusz,mateusz90@example.org,884 007 162,Geolog
23,Julita,Gotfryd,orurka,jozef10@example.net,509 365 195,Kupiec
24,Lidia,Płócienniczak,cbork,tnowotny@example.org,+48 666 641 916,Sprzedawca
25,Wiktor,Łuc,stefanwyskiel,wkeler@example.com,+48 794 168 186,Ksiądz
26,Jędrzej,Szambelan,anitaploskonka,zlisik@example.com,+48 665 121 932,Aktor
27,Dominik,Świstek,maks20,dhamera@example.org,+48 32 870 92 25,Księgowy
28,Ewelina,Kempka,karina00,idajandula@example.net,510 660 025,Archiwista
29,Dorota,Pęciak,alex51,ewelina01@example.com,+48 721 753 719,Psiarz
30,Róża,Wacław,fslomian,pardaaniela@example.net,+48 500 449 592,Nauczyciel akademicki
